{
  "country": "España",
  "country_code": "ES",
  "region": "Europa Meridional",
  "communities": [
    {
      "name": "Comunidad de Madrid",
      "cities": [
        {"name": "Madrid", "latitude": 40.4168, "longitude": -3.7038, "barrios": [
          {"name": "Malasaña", "latitude": 40.4263, "longitude": -3.7050},
          {"name": "Chueca", "latitude": 40.4226, "longitude": -3.6978},
          {"name": "La Latina", "latitude": 40.4108, "longitude": -3.7095},
          {"name": "Lavapiés", "latitude": 40.4091, "longitude": -3.7009},
          {"name": "Salamanca", "latitude": 40.4297, "longitude": -3.6836}
        ]}
      ]
    },
    {
      "name": "Cataluña",
      "cities": [
        {"name": "Barcelona", "latitude": 41.3874, "longitude": 2.1686, "barrios": [
          {"name": "El Born", "latitude": 41.3851, "longitude": 2.1825},
          {"name": "Gràcia", "latitude": 41.4033, "longitude": 2.1569},
          {"name": "Barceloneta", "latitude": 41.3803, "longitude": 2.1894},
          {"name": "El Raval", "latitude": 41.3803, "longitude": 2.1680},
          {"name": "Eixample", "latitude": 41.3917, "longitude": 2.1649}
        ]}
      ]
    },
    {
      "name": "Comunidad Valenciana",
      "cities": [
        {"name": "Valencia", "latitude": 39.4699, "longitude": -0.3763},
        {"name": "Alicante", "latitude": 38.3452, "longitude": -0.4810}
      ]
    },
    {
      "name": "Andalucía",
      "cities": [
        {"name": "Sevilla", "latitude": 37.3891, "longitude": -5.9845},
        {"name": "Málaga", "latitude": 36.7213, "longitude": -4.4214},
        {"name": "Granada", "latitude": 37.1773, "longitude": -3.5986}
      ]
    },
    {
      "name": "País Vasco",
      "cities": [
        {"name": "Bilbao", "latitude": 43.2630, "longitude": -2.9350},
        {"name": "San Sebastián", "latitude": 43.3183, "longitude": -1.9812}
      ]
    },
    {
      "name": "Islas Baleares",
      "cities": [
        {"name": "Palma de Mallorca", "latitude": 39.5696, "longitude": 2.6502},
        {"name": "Ibiza", "latitude": 38.9067, "longitude": 1.4206}
      ]
    },
    {
      "name": "Islas Canarias",
      "cities": [
        {"name": "Las Palmas de Gran Canaria", "latitude": 28.1235, "longitude": -15.4363},
        {"name": "Santa Cruz de Tenerife", "latitude": 28.4636, "longitude": -16.2518}
      ]
    },
    {
      "name": "Galicia",
      "cities": [
        {"name": "Santiago de Compostela", "latitude": 42.8782, "longitude": -8.5448}
      ]
    }
  ]
}
