{
  "ciudad": "Buenos Aires",
  "pais": "Argentina",
  "total_barrios": 48,
  "total_comunas": 15,
  "barrios": [
    {
      "nombre": "Agronomía",
      "comuna": 15,
      "zona": "Norte"
    },
    {
      "nombre": "Almagro",
      "comuna": 5,
      "zona": "Centro"
    },
    {
      "nombre": "Balvanera",
      "comuna": 3,
      "zona": "Centro"
    },
    {
      "nombre": "Barracas",
      "comuna": 4,
      "zona": "Sur"
    },
    {
      "nombre": "Belgrano",
      "comuna": 13,
      "zona": "Norte"
    },
    {
      "nombre": "Boedo",
      "comuna": 5,
      "zona": "Centro"
    },
    {
      "nombre": "Caballito",
      "comuna": 6,
      "zona": "Centro"
    },
    {
      "nombre": "Chacarita",
      "comuna": 15,
      "zona": "Norte"
    },
    {
      "nombre": "Coghlan",
      "comuna": 12,
      "zona": "Norte"
    },
    {
      "nombre": "Colegiales",
      "comuna": 13,
      "zona": "Norte"
    },
    {
      "nombre": "Constitución",
      "comuna": 1,
      "zona": "Centro"
    },
    {
      "nombre": "Flores",
      "comuna": 7,
      "zona": "Oeste"
    },
    {
      "nombre": "Floresta",
      "comuna": 10,
      "zona": "Oeste"
    },
    {
      "nombre": "La Boca",
      "comuna": 4,
      "zona": "Sur"
    },
    {
      "nombre": "La Paternal",
      "comuna": 15,
      "zona": "Norte"
    },
    {
      "nombre": "Liniers",
      "comuna": 9,
      "zona": "Oeste"
    },
    {
      "nombre": "Mataderos",
      "comuna": 9,
      "zona": "Oeste"
    },
    {
      "nombre": "Monte Castro",
      "comuna": 10,
      "zona": "Oeste"
    },
    {
      "nombre": "Montserrat",
      "comuna": 1,
      "zona": "Centro"
    },
    {
      "nombre": "Nueva Pompeya",
      "comuna": 4,
      "zona": "Sur"
    },
    {
      "nombre": "Núñez",
      "comuna": 13,
      "zona": "Norte"
    },
    {
      "nombre": "Palermo",
      "comuna": 14,
      "zona": "Norte"
    },
    {
      "nombre": "Parque Avellaneda",
      "comuna": 9,
      "zona": "Oeste"
    },
    {
      "nombre": "Parque Chacabuco",
      "comuna": 7,
      "zona": "Oeste"
    },
    {
      "nombre": "Parque Chas",
      "comuna": 15,
      "zona": "Norte"
    },
    {
      "nombre": "Parque Patricios",
      "comuna": 4,
      "zona": "Sur"
    },
    {
      "nombre": "Puerto Madero",
      "comuna": 1,
      "zona": "Centro"
    },
    {
      "nombre": "Recoleta",
      "comuna": 2,
      "zona": "Norte"
    },
    {
      "nombre": "Retiro",
      "comuna": 1,
      "zona": "Centro"
    },
    {
      "nombre": "Saavedra",
      "comuna": 12,
      "zona": "Norte"
    },
    {
      "nombre": "San Cristóbal",
      "comuna": 3,
      "zona": "Centro"
    },
    {
      "nombre": "San Nicolás",
      "comuna": 1,
      "zona": "Centro"
    },
    {
      "nombre": "San Telmo",
      "comuna": 1,
      "zona": "Centro"
    },
    {
      "nombre": "Vélez Sársfield",
      "comuna": 10,
      "zona": "Oeste"
    },
    {
      "nombre": "Versalles",
      "comuna": 10,
      "zona": "Oeste"
    },
    {
      "nombre": "Villa Crespo",
      "comuna": 15,
      "zona": "Norte"
    },
    {
      "nombre": "Villa del Parque",
      "comuna": 11,
      "zona": "Oeste"
    },
    {
      "nombre": "Villa Devoto",
      "comuna": 11,
      "zona": "Oeste"
    },
    {
      "nombre": "Villa General Mitre",
      "comuna": 11,
      "zona": "Oeste"
    },
    {
      "nombre": "Villa Lugano",
      "comuna": 8,
      "zona": "Sur"
    },
    {
      "nombre": "Villa Luro",
      "comuna": 10,
      "zona": "Oeste"
    },
    {
      "nombre": "Villa Ortúzar",
      "comuna": 15,
      "zona": "Norte"
    },
    {
      "nombre": "Villa Pueyrredón",
      "comuna": 12,
      "zona": "Norte"
    },
    {
      "nombre": "Villa Real",
      "comuna": 10,
      "zona": "Oeste"
    },
    {
      "nombre": "Villa Riachuelo",
      "comuna": 8,
      "zona": "Sur"
    },
    {
      "nombre": "Villa Santa Rita",
      "comuna": 11,
      "zona": "Oeste"
    },
    {
      "nombre": "Villa Soldati",
      "comuna": 8,
      "zona": "Sur"
    },
    {
      "nombre": "Villa Urquiza",
      "comuna": 12,
      "zona": "Norte"
    }
  ]
}
